<?xml version="1.0" encoding="utf-8"?>
<social type="apps" group="user">
	<name>Twitter</name>
	<element>twitter</element>
	<author>Stack Ideas Sdn Bhd</author>
	<url>http://stackideas.com</url>
	<created>19/07/2013</created>
	<version>2.1.1</version>
	<copyright>Copyright (C) 2010 - 2016 Stack Ideas Sdn Bhd</copyright>
	<license>http://www.gnu.org/licenses/gpl-2.0.html GNU/GPL</license>
	<installable>true</installable>
	<core>false</core>
	<description><![CDATA[APP_TWITTER_APP_DESC]]></description>
	<widget>true</widget>
	<files>
		<folder>config</folder>
		<folder>themes</folder>
		<folder>widgets</folder>
		<file>helper.php</file>
		<file>twitter.php</file>
		<file>twitter.xml</file>
	</files>
	<languages>
		<language type="en-GB" code="en-GB">en-GB.plg_app_user_twitter.ini</language>
	</languages>
</social>
