<?xml version="1.0" encoding="utf-8"?>
<social type="apps" group="page">
	<name>Reviews</name>
	<element>reviews</element>
	<author>Stack Ideas Sdn Bhd</author>
	<url>http://stackideas.com</url>
	<created>19th July 2016</created>
	<version>2.1.1</version>
	<copyright>Copyright (C) 2010 - 2016 Stack Ideas Sdn Bhd</copyright>
	<license>http://www.gnu.org/licenses/gpl-2.0.html GNU/GPL</license>
	<core>true</core>
	<widget>true</widget>
	<installable>false</installable>
	<views>
		<view type="embed">pages</view>
	</views>
	<description><![CDATA[APP_PAGE_REVIEWS_APP_DESCRIPTION]]></description>
	<files>
		<folder>assets</folder>
		<folder>config</folder>
		<folder>views</folder>
		<folder>widgets</folder>
		<file>reviews.php</file>
		<file>reviews.xml</file>
	</files>
</social>
