<?xml version="1.0" encoding="utf-8"?>
<social type="apps" group="user">
	<name>OneSignal Push</name>
	<element>onesignal</element>
	<author>Stack Ideas Sdn Bhd</author>
	<url>http://stackideas.com</url>
	<created>28/07/2016</created>
	<version>2.0.8</version>
	<copyright>Copyright (C) 2010 - 2016 Stack Ideas Sdn Bhd</copyright>
	<license>http://www.gnu.org/licenses/gpl-2.0.html GNU/GPL</license>
	<installable>true</installable>
	<core>false</core>
	<widget>false</widget>
	<system>false</system>
	<description><![CDATA[APP_USER_ONESIGNAL]]></description>
	<files>
		<folder>config</folder>
		<folder>libraries</folder>
		<folder>themes</folder>
		<file>onesignal.php</file>
		<file>onesignal.xml</file>
	</files>
	<languages>
		<language type="en-GB" code="en-GB">en-GB.plg_app_user_onesignal.ini</language>
	</languages>
	<languages>
		<language type="en-GB" code="en-GB">en-GB.plg_app_user_onesignal.ini</language>
	</languages>
</social>
